ID Group,Group,ID Industry,Industry,ID Year,Year,ID State,State,Workforce by Industry and Gender,Workforce by Industry and Gender Moe,ACS Industry yg RCA,Geography,ID Geography,Slug Geography,Median Earnings,Median Earnings Moe,Workforce Prev,Workforce Growth,Median Earnings Prev,Median Earnings Growth,Share
0,"Agriculture, Forestry, Fishing & Hunting, & Mining",0,"Agriculture, Forestry, Fishing & Hunting",2022,"2022","04000US19","Iowa",506,208.06008747474849,1.1570138649980612,"Ames, IA","16000US1901855","ames-ia",39857,67111,664,-23.795180722891565,39070,2.014333248016381,1.3876700307152259
0,"Agriculture, Forestry, Fishing & Hunting, & Mining",1,"Mining, Quarrying, & Oil & Gas Extraction",2022,"2022","04000US19","Iowa",56,73.99999999999999,0.3488057394354512,"Ames, IA","16000US1901855","ames-ia",,,69,-18.84057971014493,155665,NaN,0.153576129881527
1,"Construction (Group)",2,"Construction",2022,"2022","04000US19","Iowa",1332,350.4083332342426,0.5312217239113745,"Ames, IA","16000US1901855","ames-ia",112880,57468,1071,24.369747899159663,116161,-2.824528025757354,3.6529179464677495
2,"Manufacturing (Group)",3,"Manufacturing",2022,"2022","04000US19","Iowa",3007,427.8983524156175,0.8253971871400185,"Ames, IA","16000US1901855","ames-ia",79692,31752,2662,12.960180315552217,73658,8.191913980830325,8.24648968845985
3,"Wholesale Trade (Group)",4,"Wholesale Trade",2022,"2022","04000US19","Iowa",626,333.097583299549,0.7148900023434134,"Ames, IA","16000US1901855","ames-ia",56238,85487,660,-5.151515151515151,73676,-23.66849448938596,1.7167617376042124
4,"Retail Trade (Group)",5,"Retail Trade",2022,"2022","04000US19","Iowa",3950,522.6892001945324,0.9857448509706662,"Ames, IA","16000US1901855","ames-ia",32135,7563,3256,21.314496314496314,36817,-12.71695140831681,10.832602018429135
5,"Transportation & Warehousing, & Utilities",6,"Transportation & Warehousing",2022,"2022","04000US19","Iowa",823,223.32935319836483,0.456305466089921,"Ames, IA","16000US1901855","ames-ia",50705,15832,853,-3.5169988276670576,49849,1.7171859014222954,2.2570206230802983
5,"Transportation & Warehousing, & Utilities",7,"Utilities",2022,"2022","04000US19","Iowa",151,79.51100552753688,0.4947026684686799,"Ames, IA","16000US1901855","ames-ia",101419,34684,132,14.393939393939394,100209,1.207476374377551,0.41410706450197454
6,"Information (Group)",8,"Information",2022,"2022","04000US19","Iowa",524,209.57099035887578,0.756968076678319,"Ames, IA","16000US1901855","ames-ia",35130,24507,655,-20,30150,16.517412935323385,1.437033786748574
7,"Finance & Insurance, & Real Estate & Rental & Leasing",9,"Finance & Insurance",2022,"2022","04000US19","Iowa",864,257.7382393049196,0.4970121293810178,"Ames, IA","16000US1901855","ames-ia",102361,34307,1030,-16.116504854368934,130206,-21.3853432253506,2.369460289600702
7,"Finance & Insurance, & Real Estate & Rental & Leasing",10,"Real Estate & Rental & Leasing",2022,"2022","04000US19","Iowa",632,231.35254483147574,0.9162145733756503,"Ames, IA","16000US1901855","ames-ia",60277,35478,606,4.29042904290429,37219,61.95222870039496,1.733216322948662
8,"Professional, Scientific, & Management, & Administrative & Waste Management Services",11,"Professional, Scientific, & Technical Services",2022,"2022","04000US19","Iowa",2267,328.4585209733491,0.7922346934454773,"Ames, IA","16000US1901855","ames-ia",99325,23173,2054,10.370009737098345,95900,3.571428571428571,6.217090829311101
8,"Professional, Scientific, & Management, & Administrative & Waste Management Services",12,"Management of Companies & Enterprises",2022,"2022","04000US19","Iowa",39,50.11985634456667,0.7716120770251577,"Ames, IA","16000US1901855","ames-ia",,,52,-25,,NaN,0.10695480473892059
8,"Professional, Scientific, & Management, & Administrative & Waste Management Services",13,"Administrative & Support & Waste Management Services",2022,"2022","04000US19","Iowa",713,227.70595073471398,0.4711902406802589,"Ames, IA","16000US1901855","ames-ia",39611,51198,695,2.5899280575539567,36719,7.876031482338844,1.9553532250987276
9,"Educational Services, & Health Care & Social Assistance",14,"Educational Services",2022,"2022","04000US19","Iowa",10680,640.5255654538701,3.144175254644038,"Ames, IA","16000US1901855","ames-ia",58368,5671,10200,4.705882352941177,53114,9.891930564446286,29.289161913119788
9,"Educational Services, & Health Care & Social Assistance",15,"Health Care & Social Assistance",2022,"2022","04000US19","Iowa",3668,455.1087782058263,0.7218343612994367,"Ames, IA","16000US1901855","ames-ia",81929,15368,3866,-5.12157268494568,72337,13.260157319214233,10.059236507240017
10,"Arts, Entertainment, & Recreation, & Accommodation & Food Services",16,"Arts, Entertainment, & Recreation",2022,"2022","04000US19","Iowa",874,275.40878707840824,1.1509394219965807,"Ames, IA","16000US1901855","ames-ia",19713,10833,788,10.913705583756345,30006,-34.30313937212557,2.3968845985081177
10,"Arts, Entertainment, & Recreation, & Accommodation & Food Services",17,"Accommodation & Food Services",2022,"2022","04000US19","Iowa",3575,463.2072970064267,1.4248275633171628,"Ames, IA","16000US1901855","ames-ia",21421,6244,3332,7.292917166866747,23436,-8.597883597883598,9.804190434401052
11,"Other Services, Except Public Administration (Group)",18,"Other Services, Except Public Administration",2022,"2022","04000US19","Iowa",881,197.60819821049935,0.5112662749141418,"Ames, IA","16000US1901855","ames-ia",,,699,26.03719599427754,,NaN,2.4160816147433084
12,"Public Administration (Group)",19,"Public Administration",2022,"2022","04000US19","Iowa",1296,338.864279616486,0.7586018998052525,"Ames, IA","16000US1901855","ames-ia",139225,55922,1182,9.644670050761421,120605,15.438829235935492,3.5541904344010526
0,"Agriculture, Forestry, Fishing & Hunting, & Mining",0,"Agriculture, Forestry, Fishing & Hunting",2021,"2021","04000US19","Iowa",664,217.72000367444423,1.6004239352221248,"Ames, IA","16000US1901855","ames-ia",39070,73261,820,-19.024390243902438,38212,2.245367947241704,1.923188321844407
0,"Agriculture, Forestry, Fishing & Hunting, & Mining",1,"Mining, Quarrying, & Oil & Gas Extraction",2021,"2021","04000US19","Iowa",69,81.60882305241266,0.4363888525860271,"Ames, IA","16000US1901855","ames-ia",155665,109048,65,6.153846153846154,150694,3.298737839595472,0.19984938886636158
1,"Construction (Group)",2,"Construction",2021,"2021","04000US19","Iowa",1071,285.41198292993937,0.4559038667183414,"Ames, IA","16000US1901855","ames-ia",116161,52984,1048,2.1946564885496183,115174,0.8569642454026083,3.102010079360482
2,"Manufacturing (Group)",3,"Manufacturing",2021,"2021","04000US19","Iowa",2662,413.3920657196991,0.7693081006566945,"Ames, IA","16000US1901855","ames-ia",73658,18690,2743,-2.952971199416697,72791,1.1910813149977333,7.710131495105138
3,"Wholesale Trade (Group)",4,"Wholesale Trade",2021,"2021","04000US19","Iowa",660,255.8612905462645,0.7687324735917062,"Ames, IA","16000US1901855","ames-ia",73676,77309,670,-1.4925373134328357,72167,2.0909834134715313,1.9116028500260673
4,"Retail Trade (Group)",5,"Retail Trade",2021,"2021","04000US19","Iowa",3256,499.2163859490191,0.8609497956499595,"Ames, IA","16000US1901855","ames-ia",36817,11137,3060,6.405228758169934,34934,5.390164309841415,9.430574060128599
5,"Transportation & Warehousing, & Utilities",6,"Transportation & Warehousing",2021,"2021","04000US19","Iowa",853,213.08449028495716,0.5121780974098785,"Ames, IA","16000US1901855","ames-ia",49849,24557,751,13.581890812250332,58708,-15.089936635552226,2.4706018652609627
5,"Transportation & Warehousing, & Utilities",7,"Utilities",2021,"2021","04000US19","Iowa",132,81.2157620169878,0.46036173535042113,"Ames, IA","16000US1901855","ames-ia",100209,30236,124,6.451612903225806,89958,11.395317814980324,0.38232057000521347
6,"Information (Group)",8,"Information",2021,"2021","04000US19","Iowa",655,200.6439632782407,0.9857851110174359,"Ames, IA","16000US1901855","ames-ia",30150,12054,779,-15.917843388960208,28768,4.803948832035595,1.8971210102531426
7,"Finance & Insurance, & Real Estate & Rental & Leasing",9,"Finance & Insurance",2021,"2021","04000US19","Iowa",1030,262.497619036821,0.6298547965176702,"Ames, IA","16000US1901855","ames-ia",130206,53580,1092,-5.677655677655678,144262,-9.74338356601184,2.983258993222499
7,"Finance & Insurance, & Real Estate & Rental & Leasing",10,"Real Estate & Rental & Leasing",2021,"2021","04000US19","Iowa",606,239.05857022913864,0.9145676991817552,"Ames, IA","16000US1901855","ames-ia",37219,58851,651,-6.912442396313365,38291,-2.799613486197801,1.7551989804784798
8,"Professional, Scientific, & Management, & Administrative & Waste Management Services",11,"Professional, Scientific, & Technical Services",2021,"2021","04000US19","Iowa",2054,334.98208907343087,0.7785544068012379,"Ames, IA","16000US1901855","ames-ia",95900,17864,2096,-2.0038167938931295,95450,0.47145102147721324,5.9491397787174884
8,"Professional, Scientific, & Management, & Administrative & Waste Management Services",12,"Management of Companies & Enterprises",2021,"2021","04000US19","Iowa",52,59.481089431852205,1.0591671269603737,"Ames, IA","16000US1901855","ames-ia",,,38,36.84210526315789,,NaN,0.15061113363841744
8,"Professional, Scientific, & Management, & Administrative & Waste Management Services",13,"Administrative & Support & Waste Management Services",2021,"2021","04000US19","Iowa",695,197.2460392504752,0.48347061669390995,"Ames, IA","16000US1901855","ames-ia",36719,61081,852,-18.427230046948356,31330,17.200766038940312,2.0129757284365404
9,"Educational Services, & Health Care & Social Assistance",14,"Educational Services",2021,"2021","04000US19","Iowa",10200,666.8208155119335,3.1656919544242133,"Ames, IA","16000US1901855","ames-ia",53114,6875,10197,0.02942041776993233,47767,11.19392048904055,29.542953136766492
9,"Educational Services, & Health Care & Social Assistance",15,"Health Care & Social Assistance",2021,"2021","04000US19","Iowa",3866,485.7406715522183,0.7997067504507087,"Ames, IA","16000US1901855","ames-ia",72337,12772,3648,5.975877192982456,61283,18.037628706166473,11.197358512425419
10,"Arts, Entertainment, & Recreation, & Accommodation & Food Services",16,"Arts, Entertainment, & Recreation",2021,"2021","04000US19","Iowa",788,247.095123383688,1.0892772260117756,"Ames, IA","16000US1901855","ames-ia",30006,2570,808,-2.4752475247524752,29771,0.7893587719592893,2.282337948212941
10,"Arts, Entertainment, & Recreation, & Accommodation & Food Services",17,"Accommodation & Food Services",2021,"2021","04000US19","Iowa",3332,501.66223696826137,1.3761033156876834,"Ames, IA","16000US1901855","ames-ia",23436,6835,3357,-0.7447125409591897,22786,2.8526288071622927,9.650698024677055
11,"Other Services, Except Public Administration (Group)",18,"Other Services, Except Public Administration",2021,"2021","04000US19","Iowa",699,158.49290204927158,0.42602995706742874,"Ames, IA","16000US1901855","ames-ia",,,900,-22.333333333333332,,NaN,2.0245612002548805
12,"Public Administration (Group)",19,"Public Administration",2021,"2021","04000US19","Iowa",1182,296.05742686174926,0.7287361003320805,"Ames, IA","16000US1901855","ames-ia",120605,58510,1455,-18.762886597938145,124399,-3.049863744885409,3.4235069223194117
0,"Agriculture, Forestry, Fishing & Hunting, & Mining",0,"Agriculture, Forestry, Fishing & Hunting",2020,"2020","04000US19","Iowa",820,263.7821070504973,1.9014090527728458,"Ames, IA","16000US1901855","ames-ia",38212,37306,645,27.131782945736433,31834,20.03518250926682,2.3325937304431927
0,"Agriculture, Forestry, Fishing & Hunting, & Mining",1,"Mining, Quarrying, & Oil & Gas Extraction",2020,"2020","04000US19","Iowa",65,76.53757247260982,0.38637428134218493,"Ames, IA","16000US1901855","ames-ia",150694,102411,21,209.52380952380955,,NaN,0.18490072253513112
1,"Construction (Group)",2,"Construction",2020,"2020","04000US19","Iowa",1048,272.7379694871985,0.4461622342604109,"Ames, IA","16000US1901855","ames-ia",115174,46639,1088,-3.6764705882352944,103340,11.45151925682214,2.981168572566422
2,"Manufacturing (Group)",3,"Manufacturing",2020,"2020","04000US19","Iowa",2743,413.5129985865015,0.7788539818172534,"Ames, IA","16000US1901855","ames-ia",72791,16668,2651,3.470388532629196,70938,2.612140178747639,7.802810490982534
3,"Wholesale Trade (Group)",4,"Wholesale Trade",2020,"2020","04000US19","Iowa",670,279.0931744059679,0.7480507290966794,"Ames, IA","16000US1901855","ames-ia",72167,75519,738,-9.214092140921409,72619,-0.6224266376568116,1.9058997553621209
4,"Retail Trade (Group)",5,"Retail Trade",2020,"2020","04000US19","Iowa",3060,414.6540726919247,0.7891468313178177,"Ames, IA","16000US1901855","ames-ia",34934,9226,3195,-4.225352112676056,24558,42.25099763824416,8.704557091653866
5,"Transportation & Warehousing, & Utilities",6,"Transportation & Warehousing",2020,"2020","04000US19","Iowa",751,181.6039647144302,0.4567929764857988,"Ames, IA","16000US1901855","ames-ia",58708,27211,711,5.625879043600563,66407,-11.593657295164666,2.1363145019058996
5,"Transportation & Warehousing, & Utilities",7,"Utilities",2020,"2020","04000US19","Iowa",124,73.24616030891994,0.42748521167839043,"Ames, IA","16000US1901855","ames-ia",89958,133342,94,31.914893617021278,31058,189.64517998583295,0.3527336860670194
6,"Information (Group)",8,"Information",2020,"2020","04000US19","Iowa",779,210.09759636892565,1.1264210092711553,"Ames, IA","16000US1901855","ames-ia",28768,10602,804,-3.109452736318408,31735,-9.349298881361273,2.215964043921033
7,"Finance & Insurance, & Real Estate & Rental & Leasing",9,"Finance & Insurance",2020,"2020","04000US19","Iowa",1092,309.3428518650464,0.664462620124441,"Ames, IA","16000US1901855","ames-ia",144262,37874,1135,-3.7885462555066076,132839,8.5991312792177,3.106332138590203
7,"Finance & Insurance, & Real Estate & Rental & Leasing",10,"Real Estate & Rental & Leasing",2020,"2020","04000US19","Iowa",651,270.8228203087768,0.952290350554489,"Ames, IA","16000US1901855","ames-ia",38291,37834,585,11.282051282051283,41835,-8.471375642404686,1.8518518518518516
8,"Professional, Scientific, & Management, & Administrative & Waste Management Services",11,"Professional, Scientific, & Technical Services",2020,"2020","04000US19","Iowa",2096,319.37751955953325,0.8028585295816416,"Ames, IA","16000US1901855","ames-ia",95450,14670,2200,-4.7272727272727275,85078,12.191165753778884,5.962337145132844
8,"Professional, Scientific, & Management, & Administrative & Waste Management Services",12,"Management of Companies & Enterprises",2020,"2020","04000US19","Iowa",38,48.507731342539614,0.7777096051537582,"Ames, IA","16000US1901855","ames-ia",,,37,2.7027027027027026,,NaN,0.1080958070205382
8,"Professional, Scientific, & Management, & Administrative & Waste Management Services",13,"Administrative & Support & Waste Management Services",2020,"2020","04000US19","Iowa",852,245.46486510293073,0.5795733503679883,"Ames, IA","16000US1901855","ames-ia",31330,35118,666,27.927927927927925,32704,-4.201320939334638,2.4236217784604883
9,"Educational Services, & Health Care & Social Assistance",14,"Educational Services",2020,"2020","04000US19","Iowa",10197,744.4199083850458,3.114898703484116,"Ames, IA","16000US1901855","ames-ia",47767,5249,10400,-1.9519230769230769,44453,7.455064900006748,29.00665642601126
9,"Educational Services, & Health Care & Social Assistance",15,"Health Care & Social Assistance",2020,"2020","04000US19","Iowa",3648,476.7315806614871,0.7421165455256359,"Ames, IA","16000US1901855","ames-ia",61283,18760,3517,3.7247654250781914,62891,-2.5568046302332608,10.377197473971668
10,"Arts, Entertainment, & Recreation, & Accommodation & Food Services",16,"Arts, Entertainment, & Recreation",2020,"2020","04000US19","Iowa",808,283.17662332897464,1.0660807596586013,"Ames, IA","16000US1901855","ames-ia",29771,3910,573,41.012216404886566,36757,-19.005903637402398,2.298458212436707
10,"Arts, Entertainment, & Recreation, & Accommodation & Food Services",17,"Accommodation & Food Services",2020,"2020","04000US19","Iowa",3357,485.8981374732775,1.3184423341273055,"Ames, IA","16000US1901855","ames-ia",22786,7674,3660,-8.278688524590164,25496,-10.629118293065579,9.549411162314387
11,"Other Services, Except Public Administration (Group)",18,"Other Services, Except Public Administration",2020,"2020","04000US19","Iowa",900,248.06853891616328,0.5309587868865487,"Ames, IA","16000US1901855","ames-ia",,,960,-6.25,,NaN,2.5601638504864312
12,"Public Administration (Group)",19,"Public Administration",2020,"2020","04000US19","Iowa",1455,302.20026472523153,0.8873566880342088,"Ames, IA","16000US1901855","ames-ia",124399,25915,1415,2.8268551236749118,110126,12.960608757241705,4.138931558286397
0,"Agriculture, Forestry, Fishing & Hunting, & Mining",0,"Agriculture, Forestry, Fishing & Hunting",2019,"2019","04000US19","Iowa",645,235.53555994796199,1.4595502063314743,"Ames, IA","16000US1901855","ames-ia",31834,15844,599,7.6794657762938225,38047,-16.329802612558154,1.8378686422567316
0,"Agriculture, Forestry, Fishing & Hunting, & Mining",1,"Mining, Quarrying, & Oil & Gas Extraction",2019,"2019","04000US19","Iowa",21,32.526911934581186,0.11670555270606366,"Ames, IA","16000US1901855","ames-ia",,,19,10.526315789473683,,NaN,0.059837583701381966
1,"Construction (Group)",2,"Construction",2019,"2019","04000US19","Iowa",1088,291.19409334668865,0.4702720971852201,"Ames, IA","16000US1901855","ames-ia",103340,45364,1436,-24.233983286908078,73725,40.169548999660904,3.1001567174811226
2,"Manufacturing (Group)",3,"Manufacturing",2019,"2019","04000US19","Iowa",2651,361.6144355525647,0.7473067696355399,"Ames, IA","16000US1901855","ames-ia",70938,12130,2682,-1.1558538404175989,67457,5.160324354774152,7.553782590112551
3,"Wholesale Trade (Group)",4,"Wholesale Trade",2019,"2019","04000US19","Iowa",738,304.4634625041238,0.8106726074458428,"Ames, IA","16000US1901855","ames-ia",72619,64977,559,32.021466905187836,101722,-28.610330115412598,2.102863655791423
4,"Retail Trade (Group)",5,"Retail Trade",2019,"2019","04000US19","Iowa",3195,457.8493201916979,0.8163902163116896,"Ames, IA","16000US1901855","ames-ia",24558,7765,3328,-3.9963942307692304,24701,-0.5789239302052549,9.103860948853113
5,"Transportation & Warehousing, & Utilities",6,"Transportation & Warehousing",2019,"2019","04000US19","Iowa",711,206.51634317893584,0.4456892639615131,"Ames, IA","16000US1901855","ames-ia",66407,45444,559,27.191413237924866,46739,42.08048952694752,2.0259296196039323
5,"Transportation & Warehousing, & Utilities",7,"Utilities",2019,"2019","04000US19","Iowa",94,77.07788269017254,0.3273164724111015,"Ames, IA","16000US1901855","ames-ia",31058,67485,104,-9.615384615384617,68854,-54.89296191942371,0.2678444222823764
6,"Information (Group)",8,"Information",2019,"2019","04000US19","Iowa",804,329.2430713014322,1.1390702906392285,"Ames, IA","16000US1901855","ames-ia",31735,31479,597,34.67336683417086,61425,-48.33536833536834,2.2909246331386237
7,"Finance & Insurance, & Real Estate & Rental & Leasing",9,"Finance & Insurance",2019,"2019","04000US19","Iowa",1135,294.06971962444555,0.7010334914485172,"Ames, IA","16000US1901855","ames-ia",132839,57728,958,18.47599164926931,151590,-12.369549442575368,3.234078928622311
7,"Finance & Insurance, & Real Estate & Rental & Leasing",10,"Real Estate & Rental & Leasing",2019,"2019","04000US19","Iowa",585,227.66861883008823,0.8581061067587633,"Ames, IA","16000US1901855","ames-ia",41835,40580,453,29.13907284768212,40385,3.5904419957905165,1.6669041173956405
8,"Professional, Scientific, & Management, & Administrative & Waste Management Services",11,"Professional, Scientific, & Technical Services",2019,"2019","04000US19","Iowa",2200,362.0828634442674,0.8711162821781866,"Ames, IA","16000US1901855","ames-ia",85078,27041,2228,-1.2567324955116697,79018,7.669138677263408,6.268699244906682
8,"Professional, Scientific, & Management, & Administrative & Waste Management Services",12,"Management of Companies & Enterprises",2019,"2019","04000US19","Iowa",37,47.07440918375928,0.8265221192053382,"Ames, IA","16000US1901855","ames-ia",,,9,311.11111111111114,,NaN,0.10542812366433965
8,"Professional, Scientific, & Management, & Administrative & Waste Management Services",13,"Administrative & Support & Waste Management Services",2019,"2019","04000US19","Iowa",666,229.47330999486627,0.44627178395650663,"Ames, IA","16000US1901855","ames-ia",32704,44836,665,0.15037593984962408,30606,6.854865059138731,1.8977062259581137
9,"Educational Services, & Health Care & Social Assistance",14,"Educational Services",2019,"2019","04000US19","Iowa",10400,705.1134660464229,3.1977509775004167,"Ames, IA","16000US1901855","ames-ia",44453,6439,11279,-7.793244081922156,43767,1.567390956656842,29.6338509759225
9,"Educational Services, & Health Care & Social Assistance",15,"Health Care & Social Assistance",2019,"2019","04000US19","Iowa",3517,460.5844113732031,0.722017836595023,"Ames, IA","16000US1901855","ames-ia",62891,22921,3598,-2.2512506948304614,58146,8.160492553228082,10.021370565607636
10,"Arts, Entertainment, & Recreation, & Accommodation & Food Services",16,"Arts, Entertainment, & Recreation",2019,"2019","04000US19","Iowa",573,193.19679086361657,0.7419471964290925,"Ames, IA","16000US1901855","ames-ia",36757,30187,679,-15.61119293078056,37945,-3.1308472789563844,1.6327112124234222
10,"Arts, Entertainment, & Recreation, & Accommodation & Food Services",17,"Accommodation & Food Services",2019,"2019","04000US19","Iowa",3660,512.9103235459391,1.3975254572598035,"Ames, IA","16000US1901855","ames-ia",25496,6127,3701,-1.1078087003512564,22887,11.39948442347184,10.42883601652657
11,"Other Services, Except Public Administration (Group)",18,"Other Services, Except Public Administration",2019,"2019","04000US19","Iowa",960,261.767072031606,0.5630371994167197,"Ames, IA","16000US1901855","ames-ia",,,1021,-5.974534769833497,,NaN,2.735432397777461
12,"Public Administration (Group)",19,"Public Administration",2019,"2019","04000US19","Iowa",1415,278.77230852435827,0.8751016269869384,"Ames, IA","16000US1901855","ames-ia",110126,38211,1311,7.9328756674294425,93159,18.212947755987074,4.03191337797407
0,"Agriculture, Forestry, Fishing & Hunting, & Mining",0,"Agriculture, Forestry, Fishing & Hunting",2018,"2018","04000US19","Iowa",599,210.23082552280482,1.3030567105068147,"Ames, IA","16000US1901855","ames-ia",38047,28069,598,0.16722408026755853,38537,-1.2715053065884734,1.6738857063015231
0,"Agriculture, Forestry, Fishing & Hunting, & Mining",1,"Mining, Quarrying, & Oil & Gas Extraction",2018,"2018","04000US19","Iowa",19,32.55764119219941,0.09754381047744014,"Ames, IA","16000US1901855","ames-ia",,,40,-52.5,,NaN,0.05309487215313679
1,"Construction (Group)",2,"Construction",2018,"2018","04000US19","Iowa",1436,300.60106453570654,0.6206862961560553,"Ames, IA","16000US1901855","ames-ia",73725,40528,1348,6.528189910979229,63036,16.9569769655435,4.01285454799497
2,"Manufacturing (Group)",3,"Manufacturing",2018,"2018","04000US19","Iowa",2682,375.2292632511489,0.7361307962538983,"Ames, IA","16000US1901855","ames-ia",67457,11180,2774,-3.316510454217736,67734,-0.40895266778870293,7.494760374458571
3,"Wholesale Trade (Group)",4,"Wholesale Trade",2018,"2018","04000US19","Iowa",559,224.54398232862974,0.5926562225592514,"Ames, IA","16000US1901855","ames-ia",101722,86085,471,18.683651804670912,63780,59.48886798369395,1.562107028084393
4,"Retail Trade (Group)",5,"Retail Trade",2018,"2018","04000US19","Iowa",3328,454.82853912216194,0.8239294178442558,"Ames, IA","16000US1901855","ames-ia",24701,4299,3341,-0.38910505836575876,20970,17.792083929422986,9.299986027665224
5,"Transportation & Warehousing, & Utilities",6,"Transportation & Warehousing",2018,"2018","04000US19","Iowa",559,164.69365500832143,0.35473216425173454,"Ames, IA","16000US1901855","ames-ia",46739,32068,537,4.0968342644320295,39597,18.036719953531833,1.562107028084393
5,"Transportation & Warehousing, & Utilities",7,"Utilities",2018,"2018","04000US19","Iowa",104,65.37583651472463,0.35285577412004754,"Ames, IA","16000US1901855","ames-ia",68854,59651,117,-11.11111111111111,65455,5.192880604995798,0.29062456336453824
6,"Information (Group)",8,"Information",2018,"2018","04000US19","Iowa",597,188.22327167489144,0.8052855366549393,"Ames, IA","16000US1901855","ames-ia",61425,59588,627,-4.784688995215311,70803,-13.245201474513793,1.6682967723906663
7,"Finance & Insurance, & Real Estate & Rental & Leasing",9,"Finance & Insurance",2018,"2018","04000US19","Iowa",958,280.0714194629648,0.5800798367663491,"Ames, IA","16000US1901855","ames-ia",151590,63462,980,-2.2448979591836733,135082,12.220725189144371,2.6770993433002657
7,"Finance & Insurance, & Real Estate & Rental & Leasing",10,"Real Estate & Rental & Leasing",2018,"2018","04000US19","Iowa",453,172.67889274604468,0.6518353850706351,"Ames, IA","16000US1901855","ames-ia",40385,20985,306,48.03921568627451,39686,1.7613264123368444,1.2658935308089982
8,"Professional, Scientific, & Management, & Administrative & Waste Management Services",11,"Professional, Scientific, & Technical Services",2018,"2018","04000US19","Iowa",2228,364.9780815336724,0.8833770910900238,"Ames, IA","16000US1901855","ames-ia",79018,26118,2001,11.344327836081959,68132,15.97780778488816,6.2260723766941455
8,"Professional, Scientific, & Management, & Administrative & Waste Management Services",12,"Management of Companies & Enterprises",2018,"2018","04000US19","Iowa",9,25.553864678361276,0.2241853871600107,"Ames, IA","16000US1901855","ames-ia",,,7,28.57142857142857,,NaN,0.025150202598854265
8,"Professional, Scientific, & Management, & Administrative & Waste Management Services",13,"Administrative & Support & Waste Management Services",2018,"2018","04000US19","Iowa",665,223.23306206742765,0.43542986704872116,"Ames, IA","16000US1901855","ames-ia",30606,11421,779,-14.634146341463413,29501,3.7456357411613164,1.8583205253597876
9,"Educational Services, & Health Care & Social Assistance",14,"Educational Services",2018,"2018","04000US19","Iowa",11279,887.2440475990808,3.4113092545171826,"Ames, IA","16000US1901855","ames-ia",43767,7276,10807,4.367539557694087,44048,-0.63794042862332,31.518792790275256
9,"Educational Services, & Health Care & Social Assistance",15,"Health Care & Social Assistance",2018,"2018","04000US19","Iowa",3598,489.15539453224875,0.7250453473300785,"Ames, IA","16000US1901855","ames-ia",58146,14936,3809,-5.539511682856393,55734,4.327699429432663,10.054492105630851
10,"Arts, Entertainment, & Recreation, & Accommodation & Food Services",16,"Arts, Entertainment, & Recreation",2018,"2018","04000US19","Iowa",679,219.71344974762013,0.8649902217633241,"Ames, IA","16000US1901855","ames-ia",37945,7588,615,10.40650406504065,34782,9.093784141222471,1.8974430627357832
10,"Arts, Entertainment, & Recreation, & Accommodation & Food Services",17,"Accommodation & Food Services",2018,"2018","04000US19","Iowa",3701,492.7605909567039,1.3795865493104955,"Ames, IA","16000US1901855","ames-ia",22887,4460,3617,2.3223666021564835,18828,21.55831739961759,10.342322202039961
11,"Other Services, Except Public Administration (Group)",18,"Other Services, Except Public Administration",2018,"2018","04000US19","Iowa",1021,253.17977802344328,0.5840644243392397,"Ames, IA","16000US1901855","ames-ia",,,1132,-9.80565371024735,,NaN,2.8531507614922456
12,"Public Administration (Group)",19,"Public Administration",2018,"2018","04000US19","Iowa",1311,301.0813843464919,0.7903629501671152,"Ames, IA","16000US1901855","ames-ia",93159,46562,1294,1.313755795981453,91072,2.291593464511595,3.6635461785664383
0,"Agriculture, Forestry, Fishing & Hunting, & Mining",0,"Agriculture, Forestry, Fishing & Hunting",2017,"2017","04000US19","Iowa",598,219.02054698132778,1.3063898860119516,"Ames, IA","16000US1901855","ames-ia",38537,30175,604,-0.9933774834437087,30330,27.059017474447742,1.6988636363636362
0,"Agriculture, Forestry, Fishing & Hunting, & Mining",1,"Mining, Quarrying, & Oil & Gas Extraction",2017,"2017","04000US19","Iowa",40,55.54277630799526,0.1991125151662173,"Ames, IA","16000US1901855","ames-ia",,,26,53.84615384615385,,NaN,0.11363636363636363
1,"Construction (Group)",2,"Construction",2017,"2017","04000US19","Iowa",1348,306.2025473440742,0.6029838209529249,"Ames, IA","16000US1901855","ames-ia",63036,31208,1155,16.70995670995671,52230,20.689259046524985,3.829545454545454
2,"Manufacturing (Group)",3,"Manufacturing",2017,"2017","04000US19","Iowa",2774,388.06829295885535,0.766811573611585,"Ames, IA","16000US1901855","ames-ia",67734,19656,3046,-8.929743926460933,64124,5.629717422493918,7.880681818181818
3,"Wholesale Trade (Group)",4,"Wholesale Trade",2017,"2017","04000US19","Iowa",471,175.85505395068972,0.49843823923687414,"Ames, IA","16000US1901855","ames-ia",63780,78963,379,24.274406332453825,60348,5.6870153111950685,1.3380681818181817
4,"Retail Trade (Group)",5,"Retail Trade",2017,"2017","04000US19","Iowa",3341,473.5620339512027,0.8326490079158877,"Ames, IA","16000US1901855","ames-ia",20970,8343,3514,-4.923164484917473,21290,-1.5030530765617662,9.491477272727272
5,"Transportation & Warehousing, & Utilities",6,"Transportation & Warehousing",2017,"2017","04000US19","Iowa",537,156.5439235486322,0.35762953285327503,"Ames, IA","16000US1901855","ames-ia",39597,23193,487,10.266940451745379,51998,-23.848994192084312,1.5255681818181817
5,"Transportation & Warehousing, & Utilities",7,"Utilities",2017,"2017","04000US19","Iowa",117,65.37583651472463,0.3981149988986603,"Ames, IA","16000US1901855","ames-ia",65455,40326,119,-1.680672268907563,65083,0.5715778313845397,0.33238636363636365
6,"Information (Group)",8,"Information",2017,"2017","04000US19","Iowa",627,177.80044994318772,0.8453495183444679,"Ames, IA","16000US1901855","ames-ia",70803,38486,609,2.955665024630542,58970,20.066135323045618,1.7812499999999998
7,"Finance & Insurance, & Real Estate & Rental & Leasing",9,"Finance & Insurance",2017,"2017","04000US19","Iowa",980,274.8545069668678,0.5988728277499168,"Ames, IA","16000US1901855","ames-ia",135082,54290,802,22.194513715710723,76108,77.48725495348715,2.784090909090909
7,"Finance & Insurance, & Real Estate & Rental & Leasing",10,"Real Estate & Rental & Leasing",2017,"2017","04000US19","Iowa",306,128.35108102388543,0.4503349765340908,"Ames, IA","16000US1901855","ames-ia",39686,36504,326,-6.134969325153374,34142,16.238064553921856,0.8693181818181819
8,"Professional, Scientific, & Management, & Administrative & Waste Management Services",11,"Professional, Scientific, & Technical Services",2017,"2017","04000US19","Iowa",2001,345.3071096864355,0.8218545355584381,"Ames, IA","16000US1901855","ames-ia",68132,25904,2003,-0.0998502246630055,62826,8.445548021519752,5.684659090909091
8,"Professional, Scientific, & Management, & Administrative & Waste Management Services",12,"Management of Companies & Enterprises",2017,"2017","04000US19","Iowa",7,24.596747752497688,0.20694378474994488,"Ames, IA","16000US1901855","ames-ia",,,0,Infinity,,NaN,0.019886363636363636
8,"Professional, Scientific, & Management, & Administrative & Waste Management Services",13,"Administrative & Support & Waste Management Services",2017,"2017","04000US19","Iowa",779,237.86130412490385,0.517549858774147,"Ames, IA","16000US1901855","ames-ia",29501,12955,717,8.647140864714087,27409,7.632529461125907,2.2130681818181817
9,"Educational Services, & Health Care & Social Assistance",14,"Educational Services",2017,"2017","04000US19","Iowa",10807,813.990171930841,3.318909679308517,"Ames, IA","16000US1901855","ames-ia",44048,11579,10554,2.3971953761606972,41840,5.277246653919694,30.701704545454543
9,"Educational Services, & Health Care & Social Assistance",15,"Health Care & Social Assistance",2017,"2017","04000US19","Iowa",3809,511.61313509330466,0.7815962374752097,"Ames, IA","16000US1901855","ames-ia",55734,12570,3906,-2.483358934971838,58083,-4.044212592324777,10.821022727272728
10,"Arts, Entertainment, & Recreation, & Accommodation & Food Services",16,"Arts, Entertainment, & Recreation",2017,"2017","04000US19","Iowa",615,184.1656862719003,0.8014239315205546,"Ames, IA","16000US1901855","ames-ia",34782,27264,583,5.4888507718696395,11389,205.39994731758716,1.7471590909090908
10,"Arts, Entertainment, & Recreation, & Accommodation & Food Services",17,"Accommodation & Food Services",2017,"2017","04000US19","Iowa",3617,485.3967449417023,1.3690401992823151,"Ames, IA","16000US1901855","ames-ia",18828,3982,3498,3.4019439679817043,17032,10.54485674025364,10.275568181818182
11,"Other Services, Except Public Administration (Group)",18,"Other Services, Except Public Administration",2017,"2017","04000US19","Iowa",1132,277.90106153089806,0.6570321189539137,"Ames, IA","16000US1901855","ames-ia",,,1305,-13.256704980842912,,NaN,3.215909090909091
12,"Public Administration (Group)",19,"Public Administration",2017,"2017","04000US19","Iowa",1294,289.4563870430224,0.7879779540324154,"Ames, IA","16000US1901855","ames-ia",91072,38889,1345,-3.7918215613382897,86480,5.3098982423681775,3.6761363636363633
0,"Agriculture, Forestry, Fishing & Hunting, & Mining",0,"Agriculture, Forestry, Fishing & Hunting",2016,"2016","04000US19","Iowa",604,203.92400545301183,1.30196141285036,"Ames, IA","16000US1901855","ames-ia",30330,21182,511,18.199608610567513,20494,47.99453498584952,1.7267997026702497
0,"Agriculture, Forestry, Fishing & Hunting, & Mining",1,"Mining, Quarrying, & Oil & Gas Extraction",2016,"2016","04000US19","Iowa",26,48.30113870293329,0.12490802540978961,"Ames, IA","16000US1901855","ames-ia",,,26,0,,NaN,0.07433243753216308
1,"Construction (Group)",2,"Construction",2016,"2016","04000US19","Iowa",1155,276.52305509667724,0.5279580110218799,"Ames, IA","16000US1901855","ames-ia",52230,24577,1367,-15.508412582297002,49580,5.3448971359419115,3.3020755903710906
2,"Manufacturing (Group)",3,"Manufacturing",2016,"2016","04000US19","Iowa",3046,437.49857142623904,0.8414825380957714,"Ames, IA","16000US1901855","ames-ia",64124,22224,3051,-0.16388069485414616,64560,-0.6753407682775712,8.708330950883413
3,"Wholesale Trade (Group)",4,"Wholesale Trade",2016,"2016","04000US19","Iowa",379,133.27040181525678,0.40157332293525766,"Ames, IA","16000US1901855","ames-ia",60348,44886,288,31.59722222222222,62420,-3.319448894585069,1.083538224026531
4,"Retail Trade (Group)",5,"Retail Trade",2016,"2016","04000US19","Iowa",3514,452.13382974513195,0.8731975286196606,"Ames, IA","16000US1901855","ames-ia",21290,6251,3654,-3.8314176245210727,21243,0.22124935272795745,10.046314826462348
5,"Transportation & Warehousing, & Utilities",6,"Transportation & Warehousing",2016,"2016","04000US19","Iowa",487,138.2208377922808,0.3340745021634903,"Ames, IA","16000US1901855","ames-ia",51998,52144,568,-14.26056338028169,71750,-27.528919860627177,1.392303733775516
5,"Transportation & Warehousing, & Utilities",7,"Utilities",2016,"2016","04000US19","Iowa",119,72.24956747275377,0.4050481350213143,"Ames, IA","16000US1901855","ames-ia",65083,51872,49,142.85714285714286,66985,-2.839441666044637,0.34021384870490023
6,"Information (Group)",8,"Information",2016,"2016","04000US19","Iowa",609,172.00290695217913,0.8227893020524557,"Ames, IA","16000US1901855","ames-ia",58970,34471,640,-4.84375,47990,22.879766618045426,1.741094402195666
7,"Finance & Insurance, & Real Estate & Rental & Leasing",9,"Finance & Insurance",2016,"2016","04000US19","Iowa",802,254.6153962351845,0.4916971979075961,"Ames, IA","16000US1901855","ames-ia",76108,86422,777,3.2175032175032174,74692,1.895785358539067,2.2928698038767226
7,"Finance & Insurance, & Real Estate & Rental & Leasing",10,"Real Estate & Rental & Leasing",2016,"2016","04000US19","Iowa",326,128.1444497432487,0.4874098236163416,"Ames, IA","16000US1901855","ames-ia",34142,19368,304,7.236842105263158,41459,-17.64876142695193,0.9320144090571216
8,"Professional, Scientific, & Management, & Administrative & Waste Management Services",11,"Professional, Scientific, & Technical Services",2016,"2016","04000US19","Iowa",2003,371.29503093900945,0.8422924541345529,"Ames, IA","16000US1901855","ames-ia",62826,28338,1894,5.7550158394931366,54102,16.125097038926473,5.72645662988164
8,"Professional, Scientific, & Management, & Administrative & Waste Management Services",12,"Management of Companies & Enterprises",2016,"2016","04000US19","Iowa",0,31.11269837220809,0,"Ames, IA","16000US1901855","ames-ia",,,0,NaN,,NaN,0
8,"Professional, Scientific, & Management, & Administrative & Waste Management Services",13,"Administrative & Support & Waste Management Services",2016,"2016","04000US19","Iowa",717,215.1278689523977,0.4795639488161569,"Ames, IA","16000US1901855","ames-ia",27409,10902,542,32.28782287822878,34167,-19.77931922615389,2.0498599119446506
9,"Educational Services, & Health Care & Social Assistance",14,"Educational Services",2016,"2016","04000US19","Iowa",10554,843.6646253103185,3.2496766427938892,"Ames, IA","16000US1901855","ames-ia",41840,9132,10435,1.1403929084810733,40525,3.2449105490438,30.173251758248043
9,"Educational Services, & Health Care & Social Assistance",15,"Health Care & Social Assistance",2016,"2016","04000US19","Iowa",3906,495.99395157602476,0.8077460616362574,"Ames, IA","16000US1901855","ames-ia",58083,9852,3866,1.0346611484738748,56966,1.9608187339816734,11.16701926925496
10,"Arts, Entertainment, & Recreation, & Accommodation & Food Services",16,"Arts, Entertainment, & Recreation",2016,"2016","04000US19","Iowa",583,144.2497833620557,0.7672365848636002,"Ames, IA","16000US1901855","ames-ia",11389,8259,565,3.185840707964602,11105,2.5574065736154883,1.6667619646635028
10,"Arts, Entertainment, & Recreation, & Accommodation & Food Services",17,"Accommodation & Food Services",2016,"2016","04000US19","Iowa",3498,455.22961239357005,1.333291312253273,"Ames, IA","16000US1901855","ames-ia",17032,3521,3503,-0.14273479874393377,17214,-1.0572789589868712,10.000571787981016
11,"Other Services, Except Public Administration (Group)",18,"Other Services, Except Public Administration",2016,"2016","04000US19","Iowa",1305,295.25582128046176,0.7589236106834528,"Ames, IA","16000US1901855","ames-ia",,,1087,20.055197792088318,,NaN,3.7309165761335694
12,"Public Administration (Group)",19,"Public Administration",2016,"2016","04000US19","Iowa",1345,287.7933286231632,0.8156372574960392,"Ames, IA","16000US1901855","ames-ia",86480,29367,1277,5.324980422866092,81338,6.321768423123264,3.8452741723368975
0,"Agriculture, Forestry, Fishing & Hunting, & Mining",0,"Agriculture, Forestry, Fishing & Hunting",2015,"2015","04000US19","Iowa",511,212.25691979297164,1.1013725031472006,"Ames, IA","16000US1901855","ames-ia",20494,24509,683,-25.183016105417277,20940,-2.1298949379178604,1.4852924078595513
0,"Agriculture, Forestry, Fishing & Hunting, & Mining",1,"Mining, Quarrying, & Oil & Gas Extraction",2015,"2015","04000US19","Iowa",26,48.30113870293329,0.12419537143328963,"Ames, IA","16000US1901855","ames-ia",,,25,4,,NaN,0.0755726078362981
1,"Construction (Group)",2,"Construction",2015,"2015","04000US19","Iowa",1367,352.5365229306036,0.6415038508030442,"Ames, IA","16000US1901855","ames-ia",49580,18328,1400,-2.357142857142857,57933,-14.418379852588334,3.9733751889315196
2,"Manufacturing (Group)",3,"Manufacturing",2015,"2015","04000US19","Iowa",3051,426.6907545283821,0.8519489320634905,"Ames, IA","16000US1901855","ames-ia",64560,18053,2624,16.272865853658537,65532,-1.4832448269547702,8.868154865713288
3,"Wholesale Trade (Group)",4,"Wholesale Trade",2015,"2015","04000US19","Iowa",288,109.20164833920778,0.30742926832697787,"Ames, IA","16000US1901855","ames-ia",62420,45257,282,2.127659574468085,87430,-28.605741736246138,0.8371119637251482
4,"Retail Trade (Group)",5,"Retail Trade",2015,"2015","04000US19","Iowa",3654,544.2177872874057,0.9194415556728126,"Ames, IA","16000US1901855","ames-ia",21243,5648,3416,6.967213114754098,23063,-7.891427828122967,10.620858039762817
5,"Transportation & Warehousing, & Utilities",6,"Transportation & Warehousing",2015,"2015","04000US19","Iowa",568,201.8836298465034,0.4019946757552791,"Ames, IA","16000US1901855","ames-ia",71750,49145,587,-3.2367972742759794,71475,0.38474991255683805,1.6509708173468203
5,"Transportation & Warehousing, & Utilities",7,"Utilities",2015,"2015","04000US19","Iowa",49,37.48332962798263,0.16736694774802957,"Ames, IA","16000US1901855","ames-ia",66985,25677,55,-10.909090909090908,63542,5.418463378552768,0.1424252993837926
6,"Information (Group)",8,"Information",2015,"2015","04000US19","Iowa",640,171.14321488157222,0.876259216829768,"Ames, IA","16000US1901855","ames-ia",47990,34171,616,3.896103896103896,55222,-13.096229763500054,1.860248808278107
7,"Finance & Insurance, & Real Estate & Rental & Leasing",9,"Finance & Insurance",2015,"2015","04000US19","Iowa",777,219.27152117865194,0.4820808462922495,"Ames, IA","16000US1901855","ames-ia",74692,37284,890,-12.696629213483146,73077,2.2099976736866593,2.2584583188001393
7,"Finance & Insurance, & Real Estate & Rental & Leasing",10,"Real Estate & Rental & Leasing",2015,"2015","04000US19","Iowa",304,104.06248123122954,0.4682824041179972,"Ames, IA","16000US1901855","ames-ia",41459,17586,288,5.555555555555555,35000,18.454285714285714,0.8836181839321009
8,"Professional, Scientific, & Management, & Administrative & Waste Management Services",11,"Professional, Scientific, & Technical Services",2015,"2015","04000US19","Iowa",1894,349.6069221282668,0.8236410944864523,"Ames, IA","16000US1901855","ames-ia",54102,37575,1965,-3.6132315521628495,57563,-6.012542779215815,5.505173816998023
8,"Professional, Scientific, & Management, & Administrative & Waste Management Services",12,"Management of Companies & Enterprises",2015,"2015","04000US19","Iowa",0,31.11269837220809,0,"Ames, IA","16000US1901855","ames-ia",,,0,NaN,,NaN,0
8,"Professional, Scientific, & Management, & Administrative & Waste Management Services",13,"Administrative & Support & Waste Management Services",2015,"2015","04000US19","Iowa",542,172.072659071684,0.369356661244653,"Ames, IA","16000US1901855","ames-ia",34167,22890,705,-23.120567375886523,24686,38.406384185368225,1.5753982095105221
9,"Educational Services, & Health Care & Social Assistance",14,"Educational Services",2015,"2015","04000US19","Iowa",10435,838.4300805672468,3.248751553546873,"Ames, IA","16000US1901855","ames-ia",40525,9290,10199,2.313952348269438,40841,-0.7737322788374428,30.33077549122195
9,"Educational Services, & Health Care & Social Assistance",15,"Health Care & Social Assistance",2015,"2015","04000US19","Iowa",3866,481.1746044836531,0.8135226709171127,"Ames, IA","16000US1901855","ames-ia",56966,16987,3777,2.3563674874238814,60061,-5.1530943540733585,11.237065457504942
10,"Arts, Entertainment, & Recreation, & Accommodation & Food Services",16,"Arts, Entertainment, & Recreation",2015,"2015","04000US19","Iowa",565,143.01048912579805,0.7605603333564913,"Ames, IA","16000US1901855","ames-ia",11105,7667,665,-15.037593984962406,9871,12.501266335730929,1.6422509010580164
10,"Arts, Entertainment, & Recreation, & Accommodation & Food Services",17,"Accommodation & Food Services",2015,"2015","04000US19","Iowa",3503,481.9346428718318,1.3692694728106978,"Ames, IA","16000US1901855","ames-ia",17214,2756,2991,17.118020728853224,16691,3.133425199209155,10.181955586559702
11,"Other Services, Except Public Administration (Group)",18,"Other Services, Except Public Administration",2015,"2015","04000US19","Iowa",1087,240.4828476211973,0.6397327451478912,"Ames, IA","16000US1901855","ames-ia",,,1148,-5.313588850174216,,NaN,3.1595163353098474
12,"Public Administration (Group)",19,"Public Administration",2015,"2015","04000US19","Iowa",1277,264.99999999999994,0.7731658269565954,"Ames, IA","16000US1901855","ames-ia",81338,33075,1339,-4.630321135175504,94727,-14.134301730235308,3.711777700267411
0,"Agriculture, Forestry, Fishing & Hunting, & Mining",0,"Agriculture, Forestry, Fishing & Hunting",2014,"2014","04000US19","Iowa",683,240.52026941611388,1.4889251285162388,"Ames, IA","16000US1901855","ames-ia",20940,13701,763,-10.484927916120576,20817,0.5908632367776336,2.029416134303967
0,"Agriculture, Forestry, Fishing & Hunting, & Mining",1,"Mining, Quarrying, & Oil & Gas Extraction",2014,"2014","04000US19","Iowa",25,44.77722635447622,0.12501860853227725,"Ames, IA","16000US1901855","ames-ia",,,33,-24.242424242424242,,NaN,0.07428316743425939
1,"Construction (Group)",2,"Construction",2014,"2014","04000US19","Iowa",1400,331.0966626228661,0.6746824265755834,"Ames, IA","16000US1901855","ames-ia",57933,27439,1044,34.099616858237546,77361,-25.113429247295148,4.159857376318526
2,"Manufacturing (Group)",3,"Manufacturing",2014,"2014","04000US19","Iowa",2624,385.08830156212224,0.7477851515529508,"Ames, IA","16000US1901855","ames-ia",65532,16172,2589,1.3518733101583624,66144,-0.9252539912917271,7.796761253899866
3,"Wholesale Trade (Group)",4,"Wholesale Trade",2014,"2014","04000US19","Iowa",282,91.4166286842826,0.3052277258321347,"Ames, IA","16000US1901855","ames-ia",87430,78562,328,-14.02439024390244,78625,11.198728139904611,0.8379141286584461
4,"Retail Trade (Group)",5,"Retail Trade",2014,"2014","04000US19","Iowa",3416,468.369512244339,0.8771009142551854,"Ames, IA","16000US1901855","ames-ia",23063,6243,3264,4.6568627450980395,22438,2.7854532489526695,10.150051998217204
5,"Transportation & Warehousing, & Utilities",6,"Transportation & Warehousing",2014,"2014","04000US19","Iowa",587,181.41664752717708,0.42908285035727084,"Ames, IA","16000US1901855","ames-ia",71475,61280,499,17.635270541082164,81698,-12.513158216847414,1.744168771356411
5,"Transportation & Warehousing, & Utilities",7,"Utilities",2014,"2014","04000US19","Iowa",55,48.30113870293329,0.1896181247515915,"Ames, IA","16000US1901855","ames-ia",63542,17074,71,-22.535211267605636,66292,-4.148313521993604,0.16342296835537068
6,"Information (Group)",8,"Information",2014,"2014","04000US19","Iowa",616,187.44599222175972,0.8568151636099579,"Ames, IA","16000US1901855","ames-ia",55222,38469,673,-8.469539375928678,34007,62.38421501455582,1.8303372455801517
7,"Finance & Insurance, & Real Estate & Rental & Leasing",9,"Finance & Insurance",2014,"2014","04000US19","Iowa",890,198.33809518093088,0.5601407885369641,"Ames, IA","16000US1901855","ames-ia",73077,17566,1082,-17.744916820702404,63291,15.461914016210834,2.6444807606596346
7,"Finance & Insurance, & Real Estate & Rental & Leasing",10,"Real Estate & Rental & Leasing",2014,"2014","04000US19","Iowa",288,101.5332457867865,0.4553083235134464,"Ames, IA","16000US1901855","ames-ia",35000,24243,310,-7.096774193548387,25515,37.174211248285324,0.8557420888426682
8,"Professional, Scientific, & Management, & Administrative & Waste Management Services",11,"Professional, Scientific, & Technical Services",2014,"2014","04000US19","Iowa",1965,327.4339628077699,0.8867500798500563,"Ames, IA","16000US1901855","ames-ia",57563,42762,1862,5.531686358754028,70936,-18.852204804330665,5.838656960332789
8,"Professional, Scientific, & Management, & Administrative & Waste Management Services",12,"Management of Companies & Enterprises",2014,"2014","04000US19","Iowa",0,31.11269837220809,0,"Ames, IA","16000US1901855","ames-ia",,,0,NaN,,NaN,0
8,"Professional, Scientific, & Management, & Administrative & Waste Management Services",13,"Administrative & Support & Waste Management Services",2014,"2014","04000US19","Iowa",705,187.96276226955166,0.49537986775289483,"Ames, IA","16000US1901855","ames-ia",24686,21711,724,-2.6243093922651934,21701,13.755126491866735,2.094785321646115
9,"Educational Services, & Health Care & Social Assistance",14,"Educational Services",2014,"2014","04000US19","Iowa",10199,885.484048416458,3.2184188354647842,"Ames, IA","16000US1901855","ames-ia",40841,6268,9920,2.8125,39485,3.4342155248828674,30.30456098648046
9,"Educational Services, & Health Care & Social Assistance",15,"Health Care & Social Assistance",2014,"2014","04000US19","Iowa",3777,455.7905220602991,0.8133482999161581,"Ames, IA","16000US1901855","ames-ia",60061,11566,3799,-0.5790997630955514,60940,-1.4424023629799803,11.222700935967909
10,"Arts, Entertainment, & Recreation, & Accommodation & Food Services",16,"Arts, Entertainment, & Recreation",2014,"2014","04000US19","Iowa",665,170.41420128616042,0.919497583178605,"Ames, IA","16000US1901855","ames-ia",9871,5112,658,1.0638297872340425,10159,-2.8349246973127276,1.9759322537512998
10,"Arts, Entertainment, & Recreation, & Accommodation & Food Services",17,"Accommodation & Food Services",2014,"2014","04000US19","Iowa",2991,441.3275427616092,1.2108300179523095,"Ames, IA","16000US1901855","ames-ia",16691,3424,2684,11.438152011922503,15110,10.463269358041034,8.887238151834795
11,"Other Services, Except Public Administration (Group)",18,"Other Services, Except Public Administration",2014,"2014","04000US19","Iowa",1148,257.63540129415446,0.6878932267122706,"Ames, IA","16000US1901855","ames-ia",,,1302,-11.827956989247312,,NaN,3.411083048581191
12,"Public Administration (Group)",19,"Public Administration",2014,"2014","04000US19","Iowa",1339,250.4795400826183,0.8088025893885309,"Ames, IA","16000US1901855","ames-ia",94727,23852,1303,2.762854950115119,99028,-4.343216060104213,3.978606447778933
0,"Agriculture, Forestry, Fishing & Hunting, & Mining",0,"Agriculture, Forestry, Fishing & Hunting",2013,"2013","04000US19","Iowa",763,271.189970316013,1.69884642958604,"Ames, IA","16000US1901855","ames-ia",20817,7752,,NaN,,NaN,2.3185851464689438
0,"Agriculture, Forestry, Fishing & Hunting, & Mining",1,"Mining, Quarrying, & Oil & Gas Extraction",2013,"2013","04000US19","Iowa",33,57.77542730261715,0.17891510511136793,"Ames, IA","16000US1901855","ames-ia",,,,NaN,,NaN,0.10027956727847331
1,"Construction (Group)",2,"Construction",2013,"2013","04000US19","Iowa",1044,216.6333307688362,0.5077150431422583,"Ames, IA","16000US1901855","ames-ia",77361,35294,,NaN,,NaN,3.172480855718974
2,"Manufacturing (Group)",3,"Manufacturing",2013,"2013","04000US19","Iowa",2589,356.4337245547901,0.7507048102735177,"Ames, IA","16000US1901855","ames-ia",66144,12243,,NaN,,NaN,7.867387869211134
3,"Wholesale Trade (Group)",4,"Wholesale Trade",2013,"2013","04000US19","Iowa",328,103.58571330062847,0.3590745735763482,"Ames, IA","16000US1901855","ames-ia",78625,63594,,NaN,,NaN,0.9967181232527045
4,"Retail Trade (Group)",5,"Retail Trade",2013,"2013","04000US19","Iowa",3264,428.67236906523374,0.8571885633395073,"Ames, IA","16000US1901855","ames-ia",22438,8593,,NaN,,NaN,9.918560836270816
5,"Transportation & Warehousing, & Utilities",6,"Transportation & Warehousing",2013,"2013","04000US19","Iowa",499,149.254815667703,0.3723618338795208,"Ames, IA","16000US1901855","ames-ia",81698,32959,,NaN,,NaN,1.516348608241157
5,"Transportation & Warehousing, & Utilities",7,"Utilities",2013,"2013","04000US19","Iowa",71,60.53924347066123,0.24812542538835047,"Ames, IA","16000US1901855","ames-ia",66292,10024,,NaN,,NaN,0.21575300838701839
6,"Information (Group)",8,"Information",2013,"2013","04000US19","Iowa",673,186.68154702594472,0.9492691589803449,"Ames, IA","16000US1901855","ames-ia",34007,42312,,NaN,,NaN,2.045095417527653
7,"Finance & Insurance, & Real Estate & Rental & Leasing",9,"Finance & Insurance",2013,"2013","04000US19","Iowa",1082,259.6247291765559,0.6881557657173132,"Ames, IA","16000US1901855","ames-ia",63291,14116,,NaN,,NaN,3.2879542968275195
7,"Finance & Insurance, & Real Estate & Rental & Leasing",10,"Real Estate & Rental & Leasing",2013,"2013","04000US19","Iowa",310,123.87897319561539,0.49651061552089226,"Ames, IA","16000US1901855","ames-ia",25515,27064,,NaN,,NaN,0.9420201774644463
8,"Professional, Scientific, & Management, & Administrative & Waste Management Services",11,"Professional, Scientific, & Technical Services",2013,"2013","04000US19","Iowa",1862,301.2391076869004,0.8673375716496322,"Ames, IA","16000US1901855","ames-ia",70936,40765,,NaN,,NaN,5.658198614318707
8,"Professional, Scientific, & Management, & Administrative & Waste Management Services",12,"Management of Companies & Enterprises",2013,"2013","04000US19","Iowa",0,32.526911934581186,0,"Ames, IA","16000US1901855","ames-ia",,,,NaN,,NaN,0
8,"Professional, Scientific, & Management, & Administrative & Waste Management Services",13,"Administrative & Support & Waste Management Services",2013,"2013","04000US19","Iowa",724,198.7611632085101,0.525725529324261,"Ames, IA","16000US1901855","ames-ia",21701,4675,,NaN,,NaN,2.2000729305943842
9,"Educational Services, & Health Care & Social Assistance",14,"Educational Services",2013,"2013","04000US19","Iowa",9920,644.437739428721,3.1850866318719486,"Ames, IA","16000US1901855","ames-ia",39485,4981,,NaN,,NaN,30.144645678862283
9,"Educational Services, & Health Care & Social Assistance",15,"Health Care & Social Assistance",2013,"2013","04000US19","Iowa",3799,388.8457277635952,0.8422496670711008,"Ames, IA","16000US1901855","ames-ia",60940,6567,,NaN,,NaN,11.54430533608849
10,"Arts, Entertainment, & Recreation, & Accommodation & Food Services",16,"Arts, Entertainment, & Recreation",2013,"2013","04000US19","Iowa",658,192.40841977418765,0.9380695717552083,"Ames, IA","16000US1901855","ames-ia",10159,5315,,NaN,,NaN,1.9995137960374376
10,"Arts, Entertainment, & Recreation, & Accommodation & Food Services",17,"Accommodation & Food Services",2013,"2013","04000US19","Iowa",2684,471.2218161333365,1.130048416833666,"Ames, IA","16000US1901855","ames-ia",15110,4533,,NaN,,NaN,8.156071471982496
11,"Other Services, Except Public Administration (Group)",18,"Other Services, Except Public Administration",2013,"2013","04000US19","Iowa",1302,287.0679362102288,0.7969406084085093,"Ames, IA","16000US1901855","ames-ia",,,,NaN,,NaN,3.9564847453506746
12,"Public Administration (Group)",19,"Public Administration",2013,"2013","04000US19","Iowa",1303,239.99999999999997,0.7985680570359023,"Ames, IA","16000US1901855","ames-ia",99028,19608,,NaN,,NaN,3.9595235201166887